{
    "config": {
        "samples_dir": "data_arc_features/samples/cvrp/debug",
        "test_size": 0.2,
        "val_size": 0.1,
        "random_seed": 42,
        "use_node_depth": true,
        "use_candidate_rank_feature": true,
        "use_score_normalization": true,
        "model": "XGBRanker",
        "objective": "rank:pairwise"
    },
    "ranking": {
        "train": {
            "top1_accuracy": 0.15904051602499497,
            "top3_accuracy": 0.3777464220923201,
            "mean_regret": 0.924361613076204,
            "mean_normalized_regret": 0.42884364783679024,
            "num_groups": 4961
        },
        "val": {
            "top1_accuracy": 0.16304347826086957,
            "top3_accuracy": 0.3786231884057971,
            "mean_regret": 0.9313167875013226,
            "mean_normalized_regret": 0.4314611332200641,
            "num_groups": 552
        },
        "test": {
            "top1_accuracy": 0.1457577955039884,
            "top3_accuracy": 0.36765772298767224,
            "mean_regret": 0.9315766515750546,
            "mean_normalized_regret": 0.44377741309778357,
            "num_groups": 1379
        }
    },
    "baselines": {
        "random_test": {
            "top1_accuracy": 0.03118201595358956,
            "top3_accuracy": 0.09064539521392313,
            "mean_regret": 1.4821809723733832,
            "num_groups": 1379
        },
        "candidate_order_test": {
            "top1_accuracy": 0.1218274111675127,
            "top3_accuracy": 0.2610587382160986,
            "mean_regret": 1.1220331988803496,
            "num_groups": 1379
        }
    },
    "model_path": "outputs/xgboost_ranker_branching/xgboost_ranker_branching_model.joblib"
}